Status,Order Number,Order Date,State,Product Name,SKU,Quantity,Price,Packet Id,Transaction ID,Payment Date,Amount
DELIVERED,233135179400502976_1,2025-12-18,Andhra Pradesh,Premium OUD Hanging Car Perfume | Long-Lasting Freshener | Alcohol-Free | 10ml | Roll Mills ,_hzWI1rq,1,99,M01072200117067,000492044336,2026-01-05,98.17
DELIVERED,233603609484349952_1,2025-12-19,Tamil Nadu,Premium OUD Hanging Car Perfume | Long-Lasting Freshener | Alcohol-Free | 10ml | Roll Mills ,_hzWI1rq,1,99,M01072200117068,,,
DELIVERED,233968119202206272_1,2025-12-20,Maharashtra,Premium OUD Hanging Car Perfume | Long-Lasting Freshener | Alcohol-Free | 10ml | Roll Mills ,_hzWI1rq,1,99,M01072200117071,,,
DELIVERED,233968844254068608_1,2025-12-20,Madhya Pradesh,Premium OUD Hanging Car Perfume | Long-Lasting Freshener | Alcohol-Free | 10ml | Roll Mills ,_hzWI1rq,1,99,NP1TBEU05489876,,,
RTO_COMPLETE,233998260229919232_1,2025-12-20,Telangana,Premium OUD Hanging Car Perfume | Long-Lasting Freshener | Alcohol-Free | 10ml | Roll Mills ,_hzWI1rq,1,85,M01072200117072,IDFBH26006619924,2026-01-06,98.3
DELIVERED,234167596986946112_1,2025-12-21,Punjab,Premium OUD Hanging Car Perfume | Long-Lasting Freshener | Alcohol-Free | 10ml | Roll Mills ,_hzWI1rq,1,99,M01072200117069,000492044336,2026-01-05,98.17
DELIVERED,234210047512564288_1,2025-12-21,Gujarat,Premium OUD Hanging Car Perfume | Long-Lasting Freshener | Alcohol-Free | 10ml | Roll Mills ,_hzWI1rq,1,85,M01072200117074,000492044336,2026-01-05,98.17
DELIVERED,234216229593698944_1,2025-12-21,Telangana,Premium OUD Hanging Car Perfume | Long-Lasting Freshener | Alcohol-Free | 10ml | Roll Mills ,_hzWI1rq,1,99,M01072200117073,000492044336,2026-01-05,98.17
DELIVERED,234533236314755712_1,2025-12-22,Tamil Nadu,Premium OUD Hanging Car Perfume | Long-Lasting Freshener | Alcohol-Free | 10ml | Roll Mills ,_hzWI1rq,1,99,M01072200117070,IDFBH26006619924,2026-01-06,98.3
RTO_COMPLETE,234562331308216960_1,2025-12-22,Punjab,Premium OUD Hanging Car Perfume | Long-Lasting Freshener | Alcohol-Free | 10ml | Roll Mills ,_hzWI1rq,2,99,NP5UFEU00851861,IDFBH26006619924,2026-01-06,98.3
DELIVERED,234574237452489344_1,2025-12-22,Haryana,Premium OUD Hanging Car Perfume | Long-Lasting Freshener | Alcohol-Free | 10ml | Roll Mills ,_hzWI1rq,1,99,NP1TBEU05489878,IDFBH26006619924,2026-01-06,98.3
DELIVERED,234745281630985984_1,2025-12-23,West Bengal,Premium OUD Hanging Car Perfume | Long-Lasting Freshener | Alcohol-Free | 10ml | Roll Mills ,_hzWI1rq,1,99,NP1TBEU05489877,000492712876,2026-01-07,98.3
DELIVERED,234919413022740608_1,2025-12-23,Uttar Pradesh,Premium OUD Hanging Car Perfume | Long-Lasting Freshener | Alcohol-Free | 10ml | Roll Mills ,_hzWI1rq,1,85,NP1TBEU05489879,IDFBH26006619924,2026-01-06,98.3
DELIVERED,235084137409850241_1,2025-12-23,Uttar Pradesh,Premium OUD Hanging Car Perfume | Long-Lasting Freshener | Alcohol-Free | 10ml | Roll Mills ,_hzWI1rq,1,99,TP2TCEU00666848,IDFBH26006619924,2026-01-06,98.3
DELIVERED,235442517244685184_1,2025-12-24,Rajasthan,Premium OUD Hanging Car Perfume | Long-Lasting Freshener | Alcohol-Free | 10ml | Roll Mills ,_hzWI1rq,1,99,NP1TBEU05489975,000492712876,2026-01-07,98.3
RTO_COMPLETE,235525143715140736_1,2025-12-25,Jammu & Kashmir,Premium OUD Hanging Car Perfume | Long-Lasting Freshener | Alcohol-Free | 10ml | Roll Mills ,_hzWI1rq,2,99,NP5UFEU00851956,IDFBH26006619924,2026-01-06,98.3
DELIVERED,235679678111984451_1,2025-12-25,Delhi,Premium OUD Hanging Car Perfume | Long-Lasting Freshener | Alcohol-Free | 10ml | Roll Mills ,_hzWI1rq,1,99,NP1TBEU05489974,IDFBH26006619924,2026-01-06,98.3
DELIVERED,235955602261562496_1,2025-12-26,Maharashtra,Premium OUD Hanging Car Perfume | Long-Lasting Freshener | Alcohol-Free | 10ml | Roll Mills ,_hzWI1rq,1,99,NP1TBEU05489973,000492712876,2026-01-07,98.3
RTO_COMPLETE,236106010812503168_1,2025-12-26,Bihar,Premium OUD Hanging Car Perfume | Long-Lasting Freshener | Alcohol-Free | 10ml | Roll Mills ,_hzWI1rq,1,99,NP1TBEU05489881,000492712876,2026-01-07,98.3
DELIVERED,236165092232965120_1,2025-12-26,Gujarat,Orange & Lemongrass Hanging Car Perfume | Pack of 2 | Fresh Citrus Aroma | Long Lasting & Alcohol Free,RZptPDdB,1,205,NP1TBEU05489880,IDFBH26009272888,2026-01-09,203.96
RTO_COMPLETE,236402377644594306_1,2025-12-27,Maharashtra,Premium OUD Hanging Car Perfume | Long-Lasting Freshener | Alcohol-Free | 10ml | Roll Mills ,_hzWI1rq,1,99,NP1TBEU05489884,000492712876,2026-01-07,98.3
DELIVERED,236447484206164800_1,2025-12-27,Maharashtra,Premium OUD Hanging Car Perfume | Long-Lasting Freshener | Alcohol-Free | 10ml | Roll Mills ,_hzWI1rq,1,99,NP1TBEU05489887,000495301830,2026-01-16,98.17
DELIVERED,236478572310582592_1,2025-12-27,Telangana,Premium OUD Hanging Car Perfume | Long-Lasting Freshener | Alcohol-Free | 10ml | Roll Mills ,_hzWI1rq,1,85,NP1TBEU05489883,IDFBH26009272888,2026-01-09,203.96
RTO_COMPLETE,236735641501870976_1,2025-12-28,Karnataka,Premium OUD Hanging Car Perfume | Long-Lasting Freshener | Alcohol-Free | 10ml | Roll Mills ,_hzWI1rq,1,99,NP1TBEU05489882,,,
DELIVERED,236849850566880256_1,2025-12-28,Rajasthan,Premium OUD Hanging Car Perfume | Long-Lasting Freshener | Alcohol-Free | 10ml | Roll Mills ,_hzWI1rq,1,99,NP1TBEU05489885,000494008079,2026-01-12,84.32
DELIVERED,237106158318693377_1,2025-12-29,Madhya Pradesh,Lemongrass Car Hanging Perfume | Long-Lasting Fresh Citrus Aroma | Alcohol-Free ? 10ml | Roll Mills,36dFO94D,1,99,NP1TBEU05489886,000494008079,2026-01-12,84.32
RTO_COMPLETE,237550741744538816_1,2025-12-30,Punjab,Premium OUD Hanging Car Perfume | Long-Lasting Freshener | Alcohol-Free | 10ml | Roll Mills ,_hzWI1rq,1,85,NP1TBEU05489972,000494008079,2026-01-12,84.32
DELIVERED,237599399510059904_1,2025-12-30,Andhra Pradesh,Premium OUD Hanging Car Perfume | Long-Lasting Freshener | Alcohol-Free | 10ml | Roll Mills ,_hzWI1rq,1,99,NP1TBEU05489969,000494008079,2026-01-12,84.32
DELIVERED,237603111601984704_1,2025-12-30,Bihar,Premium OUD Hanging Car Perfume | Long-Lasting Freshener | Alcohol-Free | 10ml | Roll Mills ,_hzWI1rq,1,99,NP1TBEU05489930,,,
DELIVERED,237612888110705536_1,2025-12-30,Maharashtra,Premium OUD Hanging Car Perfume | Long-Lasting Freshener | Alcohol-Free | 10ml | Roll Mills ,_hzWI1rq,1,99,NP1TBEU05489971,,,
DELIVERED,237628352495637696_1,2025-12-30,Kerala,Premium OUD Hanging Car Perfume | Long-Lasting Freshener | Alcohol-Free | 10ml | Roll Mills ,_hzWI1rq,1,99,NP1TBEU05489965,,,
DELIVERED,237751960011582336_1,2025-12-31,West Bengal,Lemongrass Car Hanging Perfume | Long-Lasting Fresh Citrus Aroma | Alcohol-Free ? 10ml | Roll Mills,36dFO94D,1,85,NP1TBEU05489970,000495301830,2026-01-16,98.17
DELIVERED,237824417987581120_1,2025-12-31,Karnataka,Premium OUD Hanging Car Perfume | Long-Lasting Freshener | Alcohol-Free | 10ml | Roll Mills ,_hzWI1rq,1,85,NP1TBEU05489968,000495301830,2026-01-16,98.17
DELIVERED,237839722721858754_1,2025-12-31,telangana,Premium OUD Hanging Car Perfume | Long-Lasting Freshener | Alcohol-Free | 10ml | Roll Mills ,_hzWI1rq,1,99,NP1TBEU05489967,000495301830,2026-01-16,98.17
DELIVERED,237904107848117248_1,2025-12-31,Uttarakhand,Premium OUD Hanging Car Perfume | Long-Lasting Freshener | Alcohol-Free | 10ml | Roll Mills ,_hzWI1rq,1,99,NP1TBEU05489966,000495301830,2026-01-16,98.17
DELIVERED,238140451782437696_1,2026-01-01,Gujarat,Premium OUD Hanging Car Perfume | Long-Lasting Freshener | Alcohol-Free | 10ml | Roll Mills ,_hzWI1rq,1,99,NP1TBEU05489959,000495301830,2026-01-16,98.17
DELIVERED,238173770901400448_1,2026-01-01,Kerala,Premium OUD Hanging Car Perfume | Long-Lasting Freshener | Alcohol-Free | 10ml | Roll Mills ,_hzWI1rq,1,85,NP1TBEU05489956,000495301830,2026-01-16,98.17
DELIVERED,238197580667835712_1,2026-01-01,Karnataka,Premium OUD Hanging Car Perfume | Long-Lasting Freshener | Alcohol-Free | 10ml | Roll Mills ,_hzWI1rq,1,99,NP1TBEU05489955,000495301830,2026-01-16,98.17
DELIVERED,238198174266709314_1,2026-01-01,Maharashtra,Premium OUD Hanging Car Perfume | Long-Lasting Freshener | Alcohol-Free | 10ml | Roll Mills ,_hzWI1rq,1,85,NP1TBEU05489957,000495301830,2026-01-16,98.17
DELIVERED,238211492821882048_1,2026-01-01,Kerala,Premium OUD Hanging Car Perfume | Long-Lasting Freshener | Alcohol-Free | 10ml | Roll Mills ,_hzWI1rq,1,99,NP1TBEU05489964,000495301830,2026-01-16,98.17
DELIVERED,238212210372160384_1,2026-01-01,Rajasthan,Premium OUD Hanging Car Perfume | Long-Lasting Freshener | Alcohol-Free | 10ml | Roll Mills ,_hzWI1rq,1,85,NP1TBEU05489958,000495964596,2026-01-19,98.3
DELIVERED,238350803051500736_1,2026-01-01,Delhi,Premium OUD Hanging Car Perfume | Long-Lasting Freshener | Alcohol-Free | 10ml | Roll Mills ,_hzWI1rq,2,85,NP1TBEU05489960,000495964596,2026-01-19,98.3
DELIVERED,238507181418239168_1,2026-01-02,Tamil Nadu,Premium OUD Hanging Car Perfume | Long-Lasting Freshener | Alcohol-Free | 10ml | Roll Mills ,_hzWI1rq,1,99,NP1TBEU05489963,000495301830,2026-01-16,98.17
DELIVERED,238790096699304771_1,2026-01-03,Uttarakhand,Premium OUD Hanging Car Perfume | Long-Lasting Freshener | Alcohol-Free | 10ml | Roll Mills ,_hzWI1rq,1,99,NP1TBEU05489901,000495301830,2026-01-16,98.17
DELIVERED,238875227637990528_1,2026-01-03,Kerala,Premium OUD Hanging Car Perfume | Long-Lasting Freshener | Alcohol-Free | 10ml | Roll Mills ,_hzWI1rq,1,99,NP1TBEU05489898,IDFBH26027595188,2026-01-27,98.29
RTO_COMPLETE,238875520054635392_1,2026-01-03,Punjab,Premium OUD Hanging Car Perfume | Long-Lasting Freshener | Alcohol-Free | 10ml | Roll Mills ,_hzWI1rq,1,99,NP1TBEU05489962,IDFBH26027595188,2026-01-27,98.29
DELIVERED,238890235756303680_1,2026-01-03,Kerala,Premium OUD Hanging Car Perfume | Long-Lasting Freshener | Alcohol-Free | 10ml | Roll Mills ,_hzWI1rq,1,85,NP1TBEU05489961,IDFBH26027595188,2026-01-27,98.29
DELIVERED,238899761756023808_1,2026-01-03,Maharashtra,Premium OUD Hanging Car Perfume | Long-Lasting Freshener | Alcohol-Free | 10ml | Roll Mills ,_hzWI1rq,1,99,NP1TBEU05489900,IDFBH26027595188,2026-01-27,98.29
DELIVERED,238905006442435904_1,2026-01-03,Maharashtra,Premium OUD Hanging Car Perfume | Long-Lasting Freshener | Alcohol-Free | 10ml | Roll Mills ,_hzWI1rq,1,99,NP1TBEU05489903,,,
DELIVERED,238923913505035392_1,2026-01-03,Tamil Nadu,Premium OUD Hanging Car Perfume | Long-Lasting Freshener | Alcohol-Free | 10ml | Roll Mills ,_hzWI1rq,1,99,NP1TBEU05489895,000495964596,2026-01-19,98.3
CANCELLED,238943403574871168_1,2026-01-03,Tamil Nadu,Premium OUD Hanging Car Perfume | Long-Lasting Freshener | Alcohol-Free | 10ml | Roll Mills ,_hzWI1rq,1,99,NP1TBEU05489949,000497158103,2026-01-23,0.0
DELIVERED,238969246693239808_1,2026-01-03,Maharashtra,Premium OUD Hanging Car Perfume | Long-Lasting Freshener | Alcohol-Free | 10ml | Roll Mills ,_hzWI1rq,1,99,NP1TBEU05489939,000497158103,2026-01-23,0.0
DELIVERED,239008640614290752_1,2026-01-03,Karnataka,Premium OUD Hanging Car Perfume | Long-Lasting Freshener | Alcohol-Free | 10ml | Roll Mills ,_hzWI1rq,1,85,NP1TBEU05489892,000496293363,2026-01-20,84.27
DELIVERED,239015992785939264_1,2026-01-03,Kerala,Premium OUD Hanging Car Perfume | Long-Lasting Freshener | Alcohol-Free | 10ml | Roll Mills ,_hzWI1rq,1,99,NP1TBEU05489954,000496293363,2026-01-20,84.27
DELIVERED,239040951084165952_1,2026-01-03,Punjab,Premium OUD Hanging Car Perfume | Long-Lasting Freshener | Alcohol-Free | 10ml | Roll Mills ,_hzWI1rq,1,85,NP1TBEU05489890,000496293363,2026-01-20,84.27
DELIVERED,239042407747835200_1,2026-01-03,Kerala,Premium OUD Hanging Car Perfume | Long-Lasting Freshener | Alcohol-Free | 10ml | Roll Mills ,_hzWI1rq,2,85,NP1TBEU05489888,000495964596,2026-01-19,98.3
DELIVERED,239045251619144768_1,2026-01-03,Haryana,Premium OUD Hanging Car Perfume | Long-Lasting Freshener | Alcohol-Free | 10ml | Roll Mills ,_hzWI1rq,1,85,NP1TBEU05489893,000495964596,2026-01-19,98.3
DELIVERED,239054787106067779_1,2026-01-03,Uttar Pradesh,Premium OUD Hanging Car Perfume | Long-Lasting Freshener | Alcohol-Free | 10ml | Roll Mills ,_hzWI1rq,1,85,NP1TBEU05489899,000495964596,2026-01-19,98.3
DELIVERED,239060192842503296_1,2026-01-03,Telangana,Premium OUD Hanging Car Perfume | Long-Lasting Freshener | Alcohol-Free | 10ml | Roll Mills ,_hzWI1rq,1,99,NP1TBEU05489919,000495964596,2026-01-19,98.3
DELIVERED,239066628646808384_1,2026-01-03,Punjab,Premium OUD Hanging Car Perfume | Long-Lasting Freshener | Alcohol-Free | 10ml | Roll Mills ,_hzWI1rq,1,99,NP1TBEU05489950,000495964596,2026-01-19,98.3
DELIVERED,239067109840296704_1,2026-01-03,Tamil Nadu,Premium OUD Hanging Car Perfume | Long-Lasting Freshener | Alcohol-Free | 10ml | Roll Mills ,_hzWI1rq,1,99,NP1TBEU05489948,000495964596,2026-01-19,98.3
DELIVERED,239084400974015360_1,2026-01-03,Tamil Nadu,Premium OUD Hanging Car Perfume | Long-Lasting Freshener | Alcohol-Free | 10ml | Roll Mills ,_hzWI1rq,1,99,NP1TBEU05489921,000496293363,2026-01-20,84.27
DELIVERED,239091568110377728_1,2026-01-03,Uttar Pradesh,Premium OUD Hanging Car Perfume | Long-Lasting Freshener | Alcohol-Free | 10ml | Roll Mills ,_hzWI1rq,1,99,NP1TBEU05489897,000496293363,2026-01-20,84.27
DELIVERED,239093235488703552_1,2026-01-04,Telangana,Premium OUD Hanging Car Perfume | Long-Lasting Freshener | Alcohol-Free | 10ml | Roll Mills ,_hzWI1rq,1,85,NP1TBEU05489894,000497158103,2026-01-23,0.0
DELIVERED,239093361780217024_1,2026-01-04,Kerala,Premium OUD Hanging Car Perfume | Long-Lasting Freshener | Alcohol-Free | 10ml | Roll Mills ,_hzWI1rq,1,99,NP1TBEU05489953,000496293363,2026-01-20,84.27
DELIVERED,239107744477784961_1,2026-01-04,Chandigarh,Premium OUD Hanging Car Perfume | Long-Lasting Freshener | Alcohol-Free | 10ml | Roll Mills ,_hzWI1rq,1,99,NP1TBEU05489896,000496293363,2026-01-20,84.27
DELIVERED,239234519369041088_1,2026-01-04,Karnataka,Premium OUD Hanging Car Perfume | Long-Lasting Freshener | Alcohol-Free | 10ml | Roll Mills ,_hzWI1rq,1,99,NP1TBEU05489889,000496293363,2026-01-20,84.27
DELIVERED,239256481491371077_1,2026-01-04,Punjab,Premium OUD Hanging Car Perfume | Long-Lasting Freshener | Alcohol-Free | 10ml | Roll Mills ,_hzWI1rq,1,85,NP1TBEU05489902,000496293363,2026-01-20,84.27
DELIVERED,239258907598439488_1,2026-01-04,Kerala,Premium OUD Hanging Car Perfume | Long-Lasting Freshener | Alcohol-Free | 10ml | Roll Mills ,_hzWI1rq,1,99,NP1TBEU05489891,000496293363,2026-01-20,84.27
DELIVERED,239275981534440448_1,2026-01-04,West Bengal,Premium OUD Hanging Car Perfume | Long-Lasting Freshener | Alcohol-Free | 10ml | Roll Mills ,_hzWI1rq,1,99,NP1TBEU05489951,000496293363,2026-01-20,84.27
DELIVERED,239299461923515202_1,2026-01-04,Uttar Pradesh,Premium OUD Hanging Car Perfume | Long-Lasting Freshener | Alcohol-Free | 10ml | Roll Mills ,_hzWI1rq,1,99,NP1TBEU05489942,000496293363,2026-01-20,84.27
DELIVERED,239305880651475777_1,2026-01-04,Rajasthan,Premium OUD Hanging Car Perfume | Long-Lasting Freshener | Alcohol-Free | 10ml | Roll Mills ,_hzWI1rq,1,85,NP1TBEU05489947,000496293363,2026-01-20,84.27
DELIVERED,239308196445996160_1,2026-01-04,Gujarat,Aqua & Oud Hanging Car Perfume | Pack of 2 | Cool Aquatic & Rich Woody Fragrance | Long Lasting & Alcohol Free,6tDU8ta4,1,219,NP1TBEU05489952,000497158103,2026-01-23,0.0
DELIVERED,239376315895010500_1,2026-01-04,Karnataka,Premium OUD Hanging Car Perfume | Long-Lasting Freshener | Alcohol-Free | 10ml | Roll Mills ,_hzWI1rq,1,99,NP1TBEU05489922,000497158103,2026-01-23,0.0
DELIVERED,239380269110416576_1,2026-01-04,Kerala,Premium OUD Hanging Car Perfume | Long-Lasting Freshener | Alcohol-Free | 10ml | Roll Mills ,_hzWI1rq,1,85,NP1TBEU05489933,000497158103,2026-01-23,0.0
DELIVERED,239387254418877312_1,2026-01-04,Karnataka,Premium OUD Hanging Car Perfume | Long-Lasting Freshener | Alcohol-Free | 10ml | Roll Mills ,_hzWI1rq,1,99,NP1TBEU05489932,000497158103,2026-01-23,0.0
DELIVERED,239414815572142976_1,2026-01-04,Jammu & Kashmir,Premium OUD Hanging Car Perfume | Long-Lasting Freshener | Alcohol-Free | 10ml | Roll Mills ,_hzWI1rq,1,99,NP1TBEU05489945,000497158103,2026-01-23,0.0
DELIVERED,239445068042513280_1,2026-01-04,Uttar Pradesh,Premium OUD Hanging Car Perfume | Long-Lasting Freshener | Alcohol-Free | 10ml | Roll Mills ,_hzWI1rq,1,85,NP1TBEU05489946,IDFBH26021884250,2026-01-21,98.29
DELIVERED,239460620020390656_1,2026-01-05,Uttar Pradesh,Premium OUD Hanging Car Perfume | Long-Lasting Freshener | Alcohol-Free | 10ml | Roll Mills ,_hzWI1rq,1,85,NP1TBEU05489944,000497158103,2026-01-23,0.0
DELIVERED,239582615378641984_1,2026-01-05,Maharashtra,Premium OUD Hanging Car Perfume | Long-Lasting Freshener | Alcohol-Free | 10ml | Roll Mills ,_hzWI1rq,1,85,NP1TBEU05489940,IDFBH26021884250,2026-01-21,98.29
RTO_COMPLETE,239595900538766402_1,2026-01-05,Uttar Pradesh,Premium OUD Hanging Car Perfume | Long-Lasting Freshener | Alcohol-Free | 10ml | Roll Mills ,_hzWI1rq,1,99,NP1TBEU05489943,IDFBH26021884250,2026-01-21,98.29
DELIVERED,239633650609575104_1,2026-01-05,Uttar Pradesh,Premium OUD Hanging Car Perfume | Long-Lasting Freshener | Alcohol-Free | 10ml | Roll Mills ,_hzWI1rq,1,99,NP1TBEU05489936,000497158103,2026-01-23,0.0
DELIVERED,239637801795109952_1,2026-01-05,Andhra Pradesh,Lavender & Jasmine Scented Glass Jar Candles | Pack of 2 | Relaxing Floral Aroma | Long Lasting Home Fragrance,YFaO338E,1,189,NP1TBEU05489931,000497158103,2026-01-23,0.0
DELIVERED,239644499614411587_1,2026-01-05,Uttar Pradesh,Premium OUD Hanging Car Perfume | Long-Lasting Freshener | Alcohol-Free | 10ml | Roll Mills ,_hzWI1rq,1,99,NP1TBEU05489935,000497158103,2026-01-23,0.0
DELIVERED,239710338335949888_1,2026-01-05,Kerala,Premium OUD Hanging Car Perfume | Long-Lasting Freshener | Alcohol-Free | 10ml | Roll Mills ,_hzWI1rq,1,85,NP1TBEU05489941,000497158103,2026-01-23,0.0
DELIVERED,239732618822730817_1,2026-01-05,Kerala,Lavender & Jasmine Scented Glass Jar Candles | Pack of 2 | Relaxing Floral Aroma | Long Lasting Home Fragrance,YFaO338E,1,174,NP1TBEU05489934,000497158103,2026-01-23,0.0
DELIVERED,239761085682439362_1,2026-01-05,West Bengal,Premium OUD Hanging Car Perfume | Long-Lasting Freshener | Alcohol-Free | 10ml | Roll Mills ,_hzWI1rq,1,85,NP1TBEU05489937,000497158103,2026-01-23,0.0
DELIVERED,239829229130241216_1,2026-01-06,Madhya Pradesh,Premium OUD Hanging Car Perfume | Long-Lasting Freshener | Alcohol-Free | 10ml | Roll Mills ,_hzWI1rq,1,99,NP1TBEU05489910,000497158103,2026-01-23,0.0
DELIVERED,239869148419894081_1,2026-01-06,Uttar Pradesh,Lemongrass & Lavender Scented Glass Jar Candles | Pack of 2 | Refreshing & Relaxing Aroma | Long Lasting Home Fragrance,EIgNxT4v,1,163,NP1TBEU05489904,000497158103,2026-01-23,0.0
DELIVERED,239925238174864576_1,2026-01-06,Rajasthan,Premium OUD Hanging Car Perfume | Long-Lasting Freshener | Alcohol-Free | 10ml | Roll Mills ,_hzWI1rq,1,85,NP1TBEU05489938,000497158103,2026-01-23,0.0
DELIVERED,239990439596567552_1,2026-01-06,Kerala,Premium OUD Hanging Car Perfume | Long-Lasting Freshener | Alcohol-Free | 10ml | Roll Mills ,_hzWI1rq,1,99,NP1TBEU05489908,000497158103,2026-01-23,0.0
DELIVERED,239996042180078400_1,2026-01-06,Karnataka,Premium OUD Hanging Car Perfume | Long-Lasting Freshener | Alcohol-Free | 10ml | Roll Mills ,_hzWI1rq,1,85,NP1TBEU05489907,000497158103,2026-01-23,0.0
CANCELLED,240009396246070336_1,2026-01-06,Andaman & Nicobar Islands,Premium OUD Hanging Car Perfume | Long-Lasting Freshener | Alcohol-Free | 10ml | Roll Mills ,_hzWI1rq,1,99,NP1TBEU05489905,000497158103,2026-01-23,0.0
DELIVERED,240012208707257408_1,2026-01-06,Jammu & Kashmir,Premium OUD Hanging Car Perfume | Long-Lasting Freshener | Alcohol-Free | 10ml | Roll Mills ,_hzWI1rq,1,99,NP1TBEU05489917,000497158103,2026-01-23,0.0
DELIVERED,240033785507388160_1,2026-01-06,Haryana,Premium OUD Hanging Car Perfume | Long-Lasting Freshener | Alcohol-Free | 10ml | Roll Mills ,_hzWI1rq,1,99,NP1TBEU05489911,IDFBH26027595188,2026-01-27,98.29
DELIVERED,240040670004298816_1,2026-01-06,Uttar Pradesh,Lemongrass Car Hanging Perfume | Long-Lasting Fresh Citrus Aroma | Alcohol-Free ? 10ml | Roll Mills,36dFO94D,1,99,NP1TBEU05489915,IDFBH26027595188,2026-01-27,98.29
DELIVERED,240056219271713985_1,2026-01-06,Punjab,Premium OUD Hanging Car Perfume | Long-Lasting Freshener | Alcohol-Free | 10ml | Roll Mills ,_hzWI1rq,1,99,NP1TBEU05489906,IDFBH26027595188,2026-01-27,98.29
DELIVERED,240071801999366912_1,2026-01-06,Madhya Pradesh,Premium OUD Hanging Car Perfume | Long-Lasting Freshener | Alcohol-Free | 10ml | Roll Mills ,_hzWI1rq,1,99,NP1TBEU05489909,IDFBH26027595188,2026-01-27,98.29
DELIVERED,240083586949225221_1,2026-01-06,Uttar Pradesh,Premium OUD Hanging Car Perfume | Long-Lasting Freshener | Alcohol-Free | 10ml | Roll Mills ,_hzWI1rq,1,99,NP1TBEU05489912,IDFBH26027595188,2026-01-27,98.29
DELIVERED,240094099754097409_1,2026-01-06,Uttar Pradesh,Premium OUD Hanging Car Perfume | Long-Lasting Freshener | Alcohol-Free | 10ml | Roll Mills ,_hzWI1rq,1,99,NP1TBEU05489913,IDFBH26027595188,2026-01-27,98.29
DELIVERED,240177346928352001_1,2026-01-06,Uttar Pradesh,Premium OUD Hanging Car Perfume | Long-Lasting Freshener | Alcohol-Free | 10ml | Roll Mills ,_hzWI1rq,1,85,NP1TBEU05489914,IDFBH26027595188,2026-01-27,98.29
DELIVERED,240265058639457154_1,2026-01-07,Uttar Pradesh,Premium OUD Hanging Car Perfume | Long-Lasting Freshener | Alcohol-Free | 10ml | Roll Mills ,_hzWI1rq,1,85,NP1TBEU05489916,IDFBH26027595188,2026-01-27,98.29
DELIVERED,240480170191002368_1,2026-01-07,Telangana,Premium OUD Hanging Car Perfume | Long-Lasting Freshener | Alcohol-Free | 10ml | Roll Mills ,_hzWI1rq,2,99,NP1TBEU05489918,IDFBH26027595188,2026-01-27,98.29
DELIVERED,240483276488350467_1,2026-01-07,Rajasthan,Premium OUD Hanging Car Perfume | Long-Lasting Freshener | Alcohol-Free | 10ml | Roll Mills ,_hzWI1rq,1,99,NP1TBEU05489920,IDFBH26027595188,2026-01-27,98.29
DELIVERED,240761715141286661_1,2026-01-08,Karnataka,Premium OUD Hanging Car Perfume | Long-Lasting Freshener | Alcohol-Free | 10ml | Roll Mills ,_hzWI1rq,1,99,NP1TBEU05489924,IDFBH26027595188,2026-01-27,98.29
RTO_LOCKED,240790655041968896_1,2026-01-08,Maharashtra,Premium OUD Hanging Car Perfume | Long-Lasting Freshener | Alcohol-Free | 10ml | Roll Mills ,_hzWI1rq,1,99,TP1RBEU05166906,IDFBH26027595188,2026-01-27,98.29
DELIVERED,240866388588407104_1,2026-01-08,Jammu & Kashmir,Premium OUD Hanging Car Perfume | Long-Lasting Freshener | Alcohol-Free | 10ml | Roll Mills ,_hzWI1rq,1,99,NP1TBEU05489925,IDFBH26027595188,2026-01-27,98.29
DELIVERED,241005731670314176_1,2026-01-09,Delhi,Lemongrass & Lavender Scented Glass Jar Candles | Pack of 2 | Refreshing & Relaxing Aroma | Long Lasting Home Fragrance,EIgNxT4v,1,163,NP5UFEU00851862,IDFBH26027595188,2026-01-27,98.29
DELIVERED,241061496540385472_1,2026-01-09,Kerala,Premium OUD Hanging Car Perfume | Long-Lasting Freshener | Alcohol-Free | 10ml | Roll Mills ,_hzWI1rq,1,99,NP1TBEU05489923,,,
DELIVERED,241079667498077379_1,2026-01-09,Delhi,Premium OUD Hanging Car Perfume | Long-Lasting Freshener | Alcohol-Free | 10ml | Roll Mills ,_hzWI1rq,1,99,TP1RBEU05166812,IDFBH26027595188,2026-01-27,98.29
DELIVERED,241169971143559680_1,2026-01-09,Rajasthan,Premium OUD Hanging Car Perfume | Long-Lasting Freshener | Alcohol-Free | 10ml | Roll Mills ,_hzWI1rq,1,85,TP1RBEU05166813,IDFBH26027595188,2026-01-27,98.29
RTO_COMPLETE,241210007864659136_1,2026-01-09,Uttar Pradesh,Premium OUD Hanging Car Perfume | Long-Lasting Freshener | Alcohol-Free | 10ml | Roll Mills ,_hzWI1rq,1,85,TP1RBEU05166811,IDFBH26027595188,2026-01-27,98.29
DELIVERED,241241679294933312_1,2026-01-09,Kerala,Premium OUD Hanging Car Perfume | Long-Lasting Freshener | Alcohol-Free | 10ml | Roll Mills ,_hzWI1rq,1,99,TP1RBEU05166909,IDFBH26027595188,2026-01-27,98.29
DELIVERED,241577710106365120_1,2026-01-10,Delhi,Premium OUD Hanging Car Perfume | Long-Lasting Freshener | Alcohol-Free | 10ml | Roll Mills ,_hzWI1rq,1,85,TP1RBEU05166908,IDFBH26027595188,2026-01-27,98.29
DELIVERED,241598458309037248_1,2026-01-10,Telangana,Premium OUD Hanging Car Perfume | Long-Lasting Freshener | Alcohol-Free | 10ml | Roll Mills ,_hzWI1rq,1,85,TP1RBEU05166907,IDFBH26027595188,2026-01-27,98.29
DELIVERED,241617482813843776_1,2026-01-10,Odisha,Premium OUD Hanging Car Perfume | Long-Lasting Freshener | Alcohol-Free | 10ml | Roll Mills ,_hzWI1rq,1,85,NP1TBEU05489929,IDFBH26027595188,2026-01-27,98.29
DELIVERED,241696114294958400_1,2026-01-11,Rajasthan,Premium OUD Hanging Car Perfume | Long-Lasting Freshener | Alcohol-Free | 10ml | Roll Mills ,_hzWI1rq,5,85,NP5UFEU00851954,IDFBH26027595188,2026-01-27,98.29
DELIVERED,241736716751513920_1,2026-01-11,Kerala,Premium OUD Hanging Car Perfume | Long-Lasting Freshener | Alcohol-Free | 10ml | Roll Mills ,_hzWI1rq,1,85,TP1RBEU05166910,IDFBH26027595188,2026-01-27,98.29
DELIVERED,241870554481727553_1,2026-01-11,Chandigarh,Premium OUD Hanging Car Perfume | Long-Lasting Freshener | Alcohol-Free | 10ml | Roll Mills ,_hzWI1rq,1,85,TP1RBEU05166815,IDFBH26027595188,2026-01-27,98.29
DELIVERED,241892557553946816_1,2026-01-11,Tamil Nadu,Premium OUD Hanging Car Perfume | Long-Lasting Freshener | Alcohol-Free | 10ml | Roll Mills ,_hzWI1rq,1,85,TP1RBEU05166814,IDFBH26027595188,2026-01-27,98.29
DELIVERED,241905500661524929_1,2026-01-11,Tamil Nadu,Premium OUD Hanging Car Perfume | Long-Lasting Freshener | Alcohol-Free | 10ml | Roll Mills ,_hzWI1rq,1,99,TP1RBEU05166817,IDFBH26027595188,2026-01-27,98.29
DELIVERED,241928902675835333_1,2026-01-11,Delhi,Premium OUD Hanging Car Perfume | Long-Lasting Freshener | Alcohol-Free | 10ml | Roll Mills ,_hzWI1rq,2,99,NP5UFEU00851955,IDFBH26027595188,2026-01-27,98.29
CANCELLED,241931095176948032_1,2026-01-11,Andaman & Nicobar Islands,Premium OUD Hanging Car Perfume | Long-Lasting Freshener | Alcohol-Free | 10ml | Roll Mills ,_hzWI1rq,1,85,TP1RBEU05166818,IDFBH26027595188,2026-01-27,98.29
DELIVERED,241936598552586560_1,2026-01-11,Maharashtra,Premium OUD Hanging Car Perfume | Long-Lasting Freshener | Alcohol-Free | 10ml | Roll Mills ,_hzWI1rq,1,99,TP1RBEU05166895,IDFBH26027595188,2026-01-27,98.29
DELIVERED,241944211192041664_1,2026-01-11,Rajasthan,Premium OUD Hanging Car Perfume | Long-Lasting Freshener | Alcohol-Free | 10ml | Roll Mills ,_hzWI1rq,1,99,NP1TBEU05489926,IDFBH26027595188,2026-01-27,98.29
RTO_COMPLETE,241946861125282112_1,2026-01-11,Punjab,Premium OUD Hanging Car Perfume | Long-Lasting Freshener | Alcohol-Free | 10ml | Roll Mills ,_hzWI1rq,1,99,TP1RBEU05166905,IDFBH26027595188,2026-01-27,98.29
DELIVERED,241961293379718336_1,2026-01-11,Gujarat,Premium OUD Hanging Car Perfume | Long-Lasting Freshener | Alcohol-Free | 10ml | Roll Mills ,_hzWI1rq,1,99,TP1RBEU05166897,IDFBH26027595188,2026-01-27,98.29
DELIVERED,241968809958723776_1,2026-01-11,Madhya Pradesh,Premium OUD Hanging Car Perfume | Long-Lasting Freshener | Alcohol-Free | 10ml | Roll Mills ,_hzWI1rq,1,99,TP2TCEU00666847,000498036170,2026-01-28,98.2
DELIVERED,241980169312193728_1,2026-01-11,Delhi,Lemongrass & Lavender Scented Glass Jar Candles | Pack of 2 | Refreshing & Relaxing Aroma | Long Lasting Home Fragrance,EIgNxT4v,1,163,TP2TCEU00666751,000498036170,2026-01-28,98.2
DELIVERED,242149664702353600_1,2026-01-12,Manipur,Premium OUD Hanging Car Perfume | Long-Lasting Freshener | Alcohol-Free | 10ml | Roll Mills ,_hzWI1rq,1,85,TP1RBEU05166816,000498036170,2026-01-28,98.2
DELIVERED,242166371696416832_1,2026-01-12,Kerala,Premium OUD Hanging Car Perfume | Long-Lasting Freshener | Alcohol-Free | 10ml | Roll Mills ,_hzWI1rq,1,99,TP1RBEU05166892,000498658846,2026-01-30,0.0
DELIVERED,242240100443902144_1,2026-01-12,Chhattisgarh,Premium OUD Hanging Car Perfume | Long-Lasting Freshener | Alcohol-Free | 10ml | Roll Mills ,_hzWI1rq,1,99,TP1RBEU05166901,000498658846,2026-01-30,0.0
DELIVERED,242250212029024768_1,2026-01-12,Delhi,Premium OUD Hanging Car Perfume | Long-Lasting Freshener | Alcohol-Free | 10ml | Roll Mills ,_hzWI1rq,1,85,TP1RBEU05166899,000498658846,2026-01-30,0.0
DELIVERED,242271121528507584_1,2026-01-12,Uttar Pradesh,Premium OUD Hanging Car Perfume | Long-Lasting Freshener | Alcohol-Free | 10ml | Roll Mills ,_hzWI1rq,1,99,TP1RBEU05166896,000498658846,2026-01-30,0.0
DELIVERED,242317627208257728_1,2026-01-12,Maharashtra,Premium OUD Hanging Car Perfume | Long-Lasting Freshener | Alcohol-Free | 10ml | Roll Mills ,_hzWI1rq,1,85,TP1RBEU05166894,IDFBH26027595188,2026-01-27,98.29
DELIVERED,242333291900999744_1,2026-01-12,Maharashtra,Premium OUD Hanging Car Perfume | Long-Lasting Freshener | Alcohol-Free | 10ml | Roll Mills ,_hzWI1rq,1,85,TP1RBEU05166891,IDFBH26027595188,2026-01-27,98.29
DELIVERED,242334748130693312_1,2026-01-12,Uttar Pradesh,Premium OUD Hanging Car Perfume | Long-Lasting Freshener | Alcohol-Free | 10ml | Roll Mills ,_hzWI1rq,1,99,TP1RBEU05166902,IDFBH26027595188,2026-01-27,98.29
DELIVERED,242345192360028608_1,2026-01-12,Tamil Nadu,Premium OUD Hanging Car Perfume | Long-Lasting Freshener | Alcohol-Free | 10ml | Roll Mills ,_hzWI1rq,1,85,TP1RBEU05166898,,,
DELIVERED,242359965091647680_1,2026-01-13,Rajasthan,Premium OUD Hanging Car Perfume | Long-Lasting Freshener | Alcohol-Free | 10ml | Roll Mills ,_hzWI1rq,1,99,TP1RBEU05166903,000498036170,2026-01-28,98.2
DELIVERED,242368937497766208_1,2026-01-13,Madhya Pradesh,Premium OUD Hanging Car Perfume | Long-Lasting Freshener | Alcohol-Free | 10ml | Roll Mills ,_hzWI1rq,1,99,TP1RBEU05166900,000498036170,2026-01-28,98.2
DELIVERED,242371526928681472_1,2026-01-13,Tamil Nadu,Premium OUD Hanging Car Perfume | Long-Lasting Freshener | Alcohol-Free | 10ml | Roll Mills ,_hzWI1rq,1,85,TP1RBEU05166904,000498036170,2026-01-28,98.2
DELIVERED,242432437718784064_1,2026-01-13,Uttar Pradesh,Premium OUD Hanging Car Perfume | Long-Lasting Freshener | Alcohol-Free | 10ml | Roll Mills ,_hzWI1rq,1,85,TP1RBEU05166838,000498036170,2026-01-28,98.2
DELIVERED,242492187649288515_1,2026-01-13,Delhi,Premium OUD Hanging Car Perfume | Long-Lasting Freshener | Alcohol-Free | 10ml | Roll Mills ,_hzWI1rq,1,99,TP1RBEU05166893,000498036170,2026-01-28,98.2
DELIVERED,242527588283885890_1,2026-01-13,Uttar Pradesh,Premium OUD Hanging Car Perfume | Long-Lasting Freshener | Alcohol-Free | 10ml | Roll Mills ,_hzWI1rq,1,99,TP1RBEU05166889,000498036170,2026-01-28,98.2
DELIVERED,242527956455696832_1,2026-01-13,Maharashtra,Premium OUD Hanging Car Perfume | Long-Lasting Freshener | Alcohol-Free | 10ml | Roll Mills ,_hzWI1rq,1,85,TP1RBEU05166890,000498036170,2026-01-28,98.2
DELIVERED,242570696357235904_1,2026-01-13,Kerala,Premium OUD Hanging Car Perfume | Long-Lasting Freshener | Alcohol-Free | 10ml | Roll Mills ,_hzWI1rq,1,99,NP1TBEU05489927,000498036170,2026-01-28,98.2
DELIVERED,242591288655127680_1,2026-01-13,Uttar Pradesh,Premium OUD Hanging Car Perfume | Long-Lasting Freshener | Alcohol-Free | 10ml | Roll Mills ,_hzWI1rq,2,85,NP5UFEU00851863,000498036170,2026-01-28,98.2
DELIVERED,242667088354793984_1,2026-01-13,Gujarat,Premium OUD Hanging Car Perfume | Long-Lasting Freshener | Alcohol-Free | 10ml | Roll Mills ,_hzWI1rq,1,85,TP1RBEU05166820,000498036170,2026-01-28,98.2
DELIVERED,242680679710757888_1,2026-01-13,Rajasthan,Premium OUD Hanging Car Perfume | Long-Lasting Freshener | Alcohol-Free | 10ml | Roll Mills ,_hzWI1rq,1,85,TP1RBEU05166822,000498658846,2026-01-30,0.0
DELIVERED,242699456834755072_1,2026-01-13,Andhra Pradesh,Premium OUD Hanging Car Perfume | Long-Lasting Freshener | Alcohol-Free | 10ml | Roll Mills ,_hzWI1rq,2,99,TP2TCEU00666752,000498036170,2026-01-28,98.2
DELIVERED,242729685993183744_1,2026-01-14,Maharashtra,Premium OUD Hanging Car Perfume | Long-Lasting Freshener | Alcohol-Free | 10ml | Roll Mills ,_hzWI1rq,1,99,TP1RBEU05166819,000498036170,2026-01-28,98.2
DELIVERED,242738806086865920_1,2026-01-14,Kerala,Premium OUD Hanging Car Perfume | Long-Lasting Freshener | Alcohol-Free | 10ml | Roll Mills ,_hzWI1rq,1,85,TP1RBEU05166823,000498036170,2026-01-28,98.2
DELIVERED,242749314777664448_1,2026-01-14,Jammu & Kashmir,Premium OUD Hanging Car Perfume | Long-Lasting Freshener | Alcohol-Free | 10ml | Roll Mills ,_hzWI1rq,2,99,TP2TCEU00666846,000498036170,2026-01-28,98.2
DELIVERED,242794334683581376_1,2026-01-14,Karnataka,Premium OUD Hanging Car Perfume | Long-Lasting Freshener | Alcohol-Free | 10ml | Roll Mills ,_hzWI1rq,1,99,NP1TBEU05489928,000498036170,2026-01-28,98.2
DELIVERED,242875582812301184_1,2026-01-14,Uttar Pradesh,Premium OUD Hanging Car Perfume | Long-Lasting Freshener | Alcohol-Free | 10ml | Roll Mills ,_hzWI1rq,1,85,TP1RBEU05166821,000498036170,2026-01-28,98.2
DELIVERED,242889258879863808_1,2026-01-14,Uttar Pradesh,Premium OUD Hanging Car Perfume | Long-Lasting Freshener | Alcohol-Free | 10ml | Roll Mills ,_hzWI1rq,1,99,TP1RBEU05166824,,,
DELIVERED,242909492610901888_1,2026-01-14,Karnataka,Premium OUD Hanging Car Perfume | Long-Lasting Freshener | Alcohol-Free | 10ml | Roll Mills ,_hzWI1rq,1,85,TP1RBEU05166888,,,
DELIVERED,242912559547206592_1,2026-01-14,Manipur,Premium OUD Hanging Car Perfume | Long-Lasting Freshener | Alcohol-Free | 10ml | Roll Mills ,_hzWI1rq,1,99,TP1RBEU05166886,000498658846,2026-01-30,0.0
DELIVERED,242923798109277120_1,2026-01-14,Delhi,Premium OUD Hanging Car Perfume | Long-Lasting Freshener | Alcohol-Free | 10ml | Roll Mills ,_hzWI1rq,2,99,TP1RBEU05166887,000498658846,2026-01-30,0.0
DELIVERED,242959860797983744_1,2026-01-14,Jammu & Kashmir,Premium OUD Hanging Car Perfume | Long-Lasting Freshener | Alcohol-Free | 10ml | Roll Mills ,_hzWI1rq,1,99,TP1RBEU05166837,000498658846,2026-01-30,0.0
DELIVERED,242966193421077504_1,2026-01-14,Uttar Pradesh,Premium OUD Hanging Car Perfume | Long-Lasting Freshener | Alcohol-Free | 10ml | Roll Mills ,_hzWI1rq,1,99,TP1RBEU05166830,000498658846,2026-01-30,0.0
DELIVERED,242978057278376896_1,2026-01-14,Maharashtra,Premium OUD Hanging Car Perfume | Long-Lasting Freshener | Alcohol-Free | 10ml | Roll Mills ,_hzWI1rq,1,99,TP1RBEU05166832,000498658846,2026-01-30,0.0
DELIVERED,242978110726392832_1,2026-01-14,Delhi,Premium OUD Hanging Car Perfume | Long-Lasting Freshener | Alcohol-Free | 10ml | Roll Mills ,_hzWI1rq,1,99,TP1RBEU05166829,000498658846,2026-01-30,0.0
DELIVERED,243000153729181696_1,2026-01-14,Uttar Pradesh,Lavender & Jasmine Scented Glass Jar Candles | Pack of 2 | Relaxing Floral Aroma | Long Lasting Home Fragrance,YFaO338E,1,189,TP2TCEU00666754,000498658846,2026-01-30,0.0
DELIVERED,243000566398363648_1,2026-01-14,Karnataka,Premium OUD Hanging Car Perfume | Long-Lasting Freshener | Alcohol-Free | 10ml | Roll Mills ,_hzWI1rq,1,99,TP1RBEU05166883,000498658846,2026-01-30,0.0
RTO_OFD,243004635068143552_1,2026-01-14,Uttar Pradesh,Premium OUD Hanging Car Perfume | Long-Lasting Freshener | Alcohol-Free | 10ml | Roll Mills ,_hzWI1rq,1,85,TP1RBEU05166834,000498307548,2026-01-29,84.24
DELIVERED,243027319021803392_1,2026-01-14,Maharashtra,Premium OUD Hanging Car Perfume | Long-Lasting Freshener | Alcohol-Free | 10ml | Roll Mills ,_hzWI1rq,1,99,TP1RBEU05166836,000498307548,2026-01-29,84.24
DELIVERED,243031730261631233_1,2026-01-14,Punjab,Premium OUD Hanging Car Perfume | Long-Lasting Freshener | Alcohol-Free | 10ml | Roll Mills ,_hzWI1rq,1,99,TP1RBEU05166833,000498658846,2026-01-30,0.0
DELIVERED,243056559014584896_1,2026-01-14,Chandigarh,Premium OUD Hanging Car Perfume | Long-Lasting Freshener | Alcohol-Free | 10ml | Roll Mills ,_hzWI1rq,1,99,TP1RBEU05166835,000498658846,2026-01-30,0.0
DELIVERED,243077071457392512_1,2026-01-14,Punjab,Premium OUD Hanging Car Perfume | Long-Lasting Freshener | Alcohol-Free | 10ml | Roll Mills ,_hzWI1rq,1,99,TP1RBEU05166827,000498658846,2026-01-30,0.0
DELIVERED,243200173208281664_1,2026-01-15,Rajasthan,Premium OUD Hanging Car Perfume | Long-Lasting Freshener | Alcohol-Free | 10ml | Roll Mills ,_hzWI1rq,2,85,TP2TCEU00666753,000498658846,2026-01-30,0.0
DELIVERED,243211558709404096_1,2026-01-15,Delhi,Premium OUD Hanging Car Perfume | Long-Lasting Freshener | Alcohol-Free | 10ml | Roll Mills ,_hzWI1rq,1,85,TP1RBEU05166828,000498658846,2026-01-30,0.0
DELIVERED,243213202218066496_1,2026-01-15,Gujarat,Premium OUD Hanging Car Perfume | Long-Lasting Freshener | Alcohol-Free | 10ml | Roll Mills ,_hzWI1rq,1,85,TP1RBEU05166831,000498658846,2026-01-30,0.0
DELIVERED,243230615991001344_1,2026-01-15,Gujarat,Premium OUD Hanging Car Perfume | Long-Lasting Freshener | Alcohol-Free | 10ml | Roll Mills ,_hzWI1rq,1,99,TP1RBEU05166882,000498658846,2026-01-30,0.0
DELIVERED,243267932879230784_1,2026-01-15,Delhi,Premium OUD Hanging Car Perfume | Long-Lasting Freshener | Alcohol-Free | 10ml | Roll Mills ,_hzWI1rq,1,99,TP1RBEU05166825,000499395520,2026-02-02,84.36
DELIVERED,243272514741114755_1,2026-01-15,Punjab,Premium OUD Hanging Car Perfume | Long-Lasting Freshener | Alcohol-Free | 10ml | Roll Mills ,_hzWI1rq,1,85,TP1RBEU05166826,000499395520,2026-02-02,84.36
DELIVERED,243280715037448129_1,2026-01-15,Punjab,Premium OUD Hanging Car Perfume | Long-Lasting Freshener | Alcohol-Free | 10ml | Roll Mills ,_hzWI1rq,1,99,TP1RBEU05166876,000499395520,2026-02-02,84.36
RTO_OFD,243299696077218242_1,2026-01-15,Uttar Pradesh,Premium OUD Hanging Car Perfume | Long-Lasting Freshener | Alcohol-Free | 10ml | Roll Mills ,_hzWI1rq,1,99,TP1RBEU05166875,000499395520,2026-02-02,84.36
DELIVERED,243360403307910016_1,2026-01-15,Delhi,Premium OUD Hanging Car Perfume | Long-Lasting Freshener | Alcohol-Free | 10ml | Roll Mills ,_hzWI1rq,1,99,TP1RBEU05166880,000499395520,2026-02-02,84.36
DELIVERED,243372333682676608_1,2026-01-15,Uttar Pradesh,Lavender & Jasmine Scented Glass Jar Candles | Pack of 2 | Relaxing Floral Aroma | Long Lasting Home Fragrance,YFaO338E,1,189,TP1RBEU05166877,000499395520,2026-02-02,84.36
DELIVERED,243377691462772992_1,2026-01-15,Rajasthan,Premium OUD Hanging Car Perfume | Long-Lasting Freshener | Alcohol-Free | 10ml | Roll Mills ,_hzWI1rq,1,85,TP1RBEU05166881,000499395520,2026-02-02,84.36
RTO_LOCKED,243391177309723520_1,2026-01-15,Kerala,Premium OUD Hanging Car Perfume | Long-Lasting Freshener | Alcohol-Free | 10ml | Roll Mills ,_hzWI1rq,1,99,TP1RBEU05166884,000499395520,2026-02-02,84.36
DELIVERED,243411372923463936_1,2026-01-15,Kerala,Premium OUD Hanging Car Perfume | Long-Lasting Freshener | Alcohol-Free | 10ml | Roll Mills ,_hzWI1rq,1,99,TP1RBEU05166885,000499395520,2026-02-02,84.36
DELIVERED,243426899525802880_1,2026-01-15,Uttar Pradesh,Premium OUD Hanging Car Perfume | Long-Lasting Freshener | Alcohol-Free | 10ml | Roll Mills ,_hzWI1rq,1,85,TP1RBEU05166874,000499395520,2026-02-02,84.36
DELIVERED,243433443837651264_1,2026-01-15,Gujarat,Premium OUD Hanging Car Perfume | Long-Lasting Freshener | Alcohol-Free | 10ml | Roll Mills ,_hzWI1rq,1,99,TP1RBEU05166879,000499395520,2026-02-02,84.36
DELIVERED,243455656141826304_1,2026-01-16,Jharkhand,Premium OUD Hanging Car Perfume | Long-Lasting Freshener | Alcohol-Free | 10ml | Roll Mills ,_hzWI1rq,1,99,TP1RBEU05166873,000499395520,2026-02-02,84.36
RTO_COMPLETE,243512378680191168_1,2026-01-16,Chandigarh,Premium OUD Hanging Car Perfume | Long-Lasting Freshener | Alcohol-Free | 10ml | Roll Mills ,_hzWI1rq,1,85,TP1RBEU05166872,000499395520,2026-02-02,84.36
DELIVERED,243577631682111808_1,2026-01-16,Madhya Pradesh,Premium OUD Hanging Car Perfume | Long-Lasting Freshener | Alcohol-Free | 10ml | Roll Mills ,_hzWI1rq,1,85,TP1RBEU05166878,000499395520,2026-02-02,84.36
DELIVERED,243623711505426624_1,2026-01-16,Uttar Pradesh,Premium OUD Hanging Car Perfume | Long-Lasting Freshener | Alcohol-Free | 10ml | Roll Mills ,_hzWI1rq,1,85,TP1RBEU05166843,000499395520,2026-02-02,84.36
DELIVERED,243655344568707328_1,2026-01-16,Jammu & Kashmir,Premium OUD Hanging Car Perfume | Long-Lasting Freshener | Alcohol-Free | 10ml | Roll Mills ,_hzWI1rq,1,99,TP1RBEU05166842,000499395520,2026-02-02,84.36
DELIVERED,243685614510316416_1,2026-01-16,Maharashtra,Premium OUD Hanging Car Perfume | Long-Lasting Freshener | Alcohol-Free | 10ml | Roll Mills ,_hzWI1rq,1,99,TP1RBEU05166840,000499698474,2026-02-03,98.29
SHIPPED,243752839712625536_1,2026-01-16,Jammu & Kashmir,Premium OUD Hanging Car Perfume | Long-Lasting Freshener | Alcohol-Free | 10ml | Roll Mills ,_hzWI1rq,2,99,TP1RBEU05166839,000499698474,2026-02-03,98.29
DELIVERED,243793998073844608_1,2026-01-16,Uttar Pradesh,Premium OUD Hanging Car Perfume | Long-Lasting Freshener | Alcohol-Free | 10ml | Roll Mills ,_hzWI1rq,1,99,TP1RBEU05166841,000499395520,2026-02-02,84.36
DELIVERED,243797285134444800_1,2026-01-16,Punjab,Premium OUD Hanging Car Perfume | Long-Lasting Freshener | Alcohol-Free | 10ml | Roll Mills ,_hzWI1rq,1,85,TP1RBEU05166870,000499395520,2026-02-02,84.36
DELIVERED,243916793165687040_1,2026-01-17,Haryana,Roll Mills Rose Hanging Perfume | Alcohol-Free Car Air Freshener | Long-Lasting Floral Fragrance | 10 ml,qdJopA_h,1,109,TP1RBEU05166871,000499395520,2026-02-02,84.36
DELIVERED,243974224948275392_1,2026-01-17,Kerala,Premium OUD Hanging Car Perfume | Long-Lasting Freshener | Alcohol-Free | 10ml | Roll Mills ,_hzWI1rq,1,85,TP1RBEU05166844,000499395520,2026-02-02,84.36
DELIVERED,244095758101039104_1,2026-01-17,Rajasthan,Premium OUD Hanging Car Perfume | Long-Lasting Freshener | Alcohol-Free | 10ml | Roll Mills ,_hzWI1rq,1,85,TP1RBEU05166846,000499395520,2026-02-02,84.36
DELIVERED,244098626130061570_1,2026-01-17,Uttar Pradesh,Premium OUD Hanging Car Perfume | Long-Lasting Freshener | Alcohol-Free | 10ml | Roll Mills ,_hzWI1rq,1,99,TP1RBEU05166847,000499395520,2026-02-02,84.36
DELIVERED,244175685962191744_1,2026-01-18,Gujarat,Premium OUD Hanging Car Perfume | Long-Lasting Freshener | Alcohol-Free | 10ml | Roll Mills ,_hzWI1rq,1,99,TP1RBEU05166848,000499395520,2026-02-02,84.36
DELIVERED,244289936809958272_1,2026-01-18,Gujarat,Premium OUD Hanging Car Perfume | Long-Lasting Freshener | Alcohol-Free | 10ml | Roll Mills ,_hzWI1rq,1,85,TP1RBEU05166849,000499395520,2026-02-02,84.36
DELIVERED,244315200908732672_1,2026-01-18,Kerala,Premium OUD Hanging Car Perfume | Long-Lasting Freshener | Alcohol-Free | 10ml | Roll Mills ,_hzWI1rq,1,99,TP1RBEU05166850,000499395520,2026-02-02,84.36
DELIVERED,244350457083111753_1,2026-01-18,Rajasthan,Premium OUD Hanging Car Perfume | Long-Lasting Freshener | Alcohol-Free | 10ml | Roll Mills ,_hzWI1rq,1,99,TP1RBEU05166851,000499395520,2026-02-02,84.36
DELIVERED,244361468710132608_1,2026-01-18,Karnataka,Orange Hanging Car Perfume | Fresh Citrus Aroma | Long-Lasting | Alcohol-Free | 10ml | Roll Mills,PrEQ0yGc,1,99,TP1RBEU05166845,000499698474,2026-02-03,98.29
DELIVERED,244364462761748736_1,2026-01-18,Maharashtra,Premium OUD Hanging Car Perfume | Long-Lasting Freshener | Alcohol-Free | 10ml | Roll Mills ,_hzWI1rq,1,85,TP1RBEU05166864,000499698474,2026-02-03,98.29
DELIVERED,244365373240289600_1,2026-01-18,Telangana,Premium OUD Hanging Car Perfume | Long-Lasting Freshener | Alcohol-Free | 10ml | Roll Mills ,_hzWI1rq,1,99,KP1VNBR58771500,000499698474,2026-02-03,98.29
RTO_LOCKED,244411032909552512_1,2026-01-18,Punjab,Premium OUD Hanging Car Perfume | Long-Lasting Freshener | Alcohol-Free | 10ml | Roll Mills ,_hzWI1rq,1,99,TP1RBEU05166852,000499698474,2026-02-03,98.29
DELIVERED,244437695011793088_1,2026-01-18,Gujarat,Premium OUD Hanging Car Perfume | Long-Lasting Freshener | Alcohol-Free | 10ml | Roll Mills ,_hzWI1rq,1,99,TP1RBEU05166856,000499698474,2026-02-03,98.29
DELIVERED,244465412843284672_1,2026-01-18,Punjab,Premium OUD Hanging Car Perfume | Long-Lasting Freshener | Alcohol-Free | 10ml | Roll Mills ,_hzWI1rq,1,99,TP1RBEU05166853,000499698474,2026-02-03,98.29
DELIVERED,244469046884739328_1,2026-01-18,Uttar Pradesh,Premium OUD Hanging Car Perfume | Long-Lasting Freshener | Alcohol-Free | 10ml | Roll Mills ,_hzWI1rq,1,85,TP1RBEU05166869,000499698474,2026-02-03,98.29
DELIVERED,244477102526220288_1,2026-01-18,Uttar Pradesh,Premium OUD Hanging Car Perfume | Long-Lasting Freshener | Alcohol-Free | 10ml | Roll Mills ,_hzWI1rq,1,99,TP1RBEU05166865,000499698474,2026-02-03,98.29
DELIVERED,244494396687689984_1,2026-01-18,Odisha,Premium OUD Hanging Car Perfume | Long-Lasting Freshener | Alcohol-Free | 10ml | Roll Mills ,_hzWI1rq,1,99,TP1RBEU05166854,000499698474,2026-02-03,98.29
DELIVERED,244494451456911616_1,2026-01-18,Uttar Pradesh,Premium OUD Hanging Car Perfume | Long-Lasting Freshener | Alcohol-Free | 10ml | Roll Mills ,_hzWI1rq,1,85,TP1RBEU05166867,000499698474,2026-02-03,98.29
DELIVERED,244496057454217216_1,2026-01-18,Uttar Pradesh,Premium OUD Hanging Car Perfume | Long-Lasting Freshener | Alcohol-Free | 10ml | Roll Mills ,_hzWI1rq,1,99,TP1RBEU05166855,000499698474,2026-02-03,98.29
DELIVERED,244525777249675456_1,2026-01-18,Gujarat,Premium OUD Hanging Car Perfume | Long-Lasting Freshener | Alcohol-Free | 10ml | Roll Mills ,_hzWI1rq,1,85,TP1RBEU05166866,000499698474,2026-02-03,98.29
DELIVERED,244560488382638336_1,2026-01-19,Maharashtra,Premium OUD Hanging Car Perfume | Long-Lasting Freshener | Alcohol-Free | 10ml | Roll Mills ,_hzWI1rq,1,85,TP1RBEU05166868,000499698474,2026-02-03,98.29
DELIVERED,244737980953708544_1,2026-01-19,Karnataka,Orange Hanging Car Perfume | Fresh Citrus Aroma | Long-Lasting | Alcohol-Free | 10ml | Roll Mills,PrEQ0yGc,1,99,TP1RBEU05166857,000499698474,2026-02-03,98.29
DELIVERED,244748798870726976_1,2026-01-19,Jammu & Kashmir,Premium OUD Hanging Car Perfume | Long-Lasting Freshener | Alcohol-Free | 10ml | Roll Mills ,_hzWI1rq,1,85,TP1RBEU05166863,000499698474,2026-02-03,98.29
DELIVERED,244884273474215232_1,2026-01-19,Tamil Nadu,Aqua & Lemongrass Hanging Car Perfume | Pack of 2 | Fresh & Cool Fragrance | Long Lasting & Alcohol Free,ZLo4KerQ,1,219,KP1VNBR58771494,000499698474,2026-02-03,98.29
DELIVERED,244904242276770240_1,2026-01-20,Maharashtra,Premium OUD Hanging Car Perfume | Long-Lasting Freshener | Alcohol-Free | 10ml | Roll Mills ,_hzWI1rq,1,99,TP1RBEU05166861,,2026-02-05,98.15
RTO_LOCKED,245062225822391552_1,2026-01-20,Uttar Pradesh,Premium OUD Hanging Car Perfume | Long-Lasting Freshener | Alcohol-Free | 10ml | Roll Mills ,_hzWI1rq,1,99,TP1RBEU05166862,,2026-02-05,98.15
DELIVERED,245110093635558656_1,2026-01-20,Odisha,Premium OUD Hanging Car Perfume | Long-Lasting Freshener | Alcohol-Free | 10ml | Roll Mills ,_hzWI1rq,1,99,KP1VNBR58771498,,,
DELIVERED,245178950404447488_1,2026-01-20,Uttar Pradesh,Orange & Lemongrass Hanging Car Perfume | Pack of 2 | Fresh Citrus Aroma | Long Lasting & Alcohol Free,RZptPDdB,1,219,KP1VNBR58771499,000499990473,2026-02-04,98.3
DELIVERED,245196548538015168_1,2026-01-20,Karnataka,Premium OUD Hanging Car Perfume | Long-Lasting Freshener | Alcohol-Free | 10ml | Roll Mills ,_hzWI1rq,1,99,KP1VNBR58771497,,2026-02-05,98.15
DELIVERED,245212118476169667_1,2026-01-20,Uttar Pradesh,Premium OUD Hanging Car Perfume | Long-Lasting Freshener | Alcohol-Free | 10ml | Roll Mills ,_hzWI1rq,1,85,TP1RBEU05166858,,2026-02-05,98.15
RTO_LOCKED,245228060199395904_1,2026-01-20,Delhi,Premium OUD Hanging Car Perfume | Long-Lasting Freshener | Alcohol-Free | 10ml | Roll Mills ,_hzWI1rq,1,99,TP1RBEU05166860,,2026-02-05,98.15
RTO_LOCKED,245382070868943296_1,2026-01-21,Maharashtra,"Sank Magic Practice Copybook Set for Kids (4 Books + 1 Pen + 10 Refills + Grip) | Preschool Handwriting Workbook | Reusable Tracing Book for Ages 3+ | Alphabet, Numbers, Drawing & Math Learning",14664,1,119,NP5UFEU00851857,,2026-02-05,98.15
RTO_LOCKED,245395975156440512_1,2026-01-21,Bihar,Premium OUD Hanging Car Perfume | Long-Lasting Freshener | Alcohol-Free | 10ml | Roll Mills ,_hzWI1rq,1,99,TP1RBEU05166859,,,
DELIVERED,245421720763276544_1,2026-01-21,Kerala,Premium OUD Hanging Car Perfume | Long-Lasting Freshener | Alcohol-Free | 10ml | Roll Mills ,_hzWI1rq,1,85,KP1VNBR58771496,,,
DELIVERED,245428335583337921_1,2026-01-21,Maharashtra,Premium OUD Hanging Car Perfume | Long-Lasting Freshener | Alcohol-Free | 10ml | Roll Mills ,_hzWI1rq,1,99,KP1VNBR58771008,,,
SHIPPED,245614007839662656_1,2026-01-21,Maharashtra,"Sank Magic Practice Copybook Set for Kids (4 Books + 1 Pen + 10 Refills + Grip) | Preschool Handwriting Workbook | Reusable Tracing Book for Ages 3+ | Alphabet, Numbers, Drawing & Math Learning",14664,1,119,NP5UFEU00851858,,,
DELIVERED,245616887153861056_1,2026-01-22,Gujarat,Premium OUD Hanging Car Perfume | Long-Lasting Freshener | Alcohol-Free | 10ml | Roll Mills ,_hzWI1rq,1,99,KP1VNBR58771495,,,
DELIVERED,245899249431388608_1,2026-01-22,Rajasthan,Premium OUD Hanging Car Perfume | Long-Lasting Freshener | Alcohol-Free | 10ml | Roll Mills ,_hzWI1rq,5,85,NP5UFEU00851859,,,
DELIVERED,245902705107836224_1,2026-01-22,Punjab,Premium OUD Hanging Car Perfume | Long-Lasting Freshener | Alcohol-Free | 10ml | Roll Mills ,_hzWI1rq,1,85,KP1VNBR58771004,,,
DELIVERED,245936623326634560_1,2026-01-22,Maharashtra,Lemongrass Car Hanging Perfume | Long-Lasting Fresh Citrus Aroma | Alcohol-Free ? 10ml | Roll Mills,36dFO94D,1,85,KP1VNBR58771001,,,
DELIVERED,246007950137926208_1,2026-01-23,Punjab,Premium OUD Hanging Car Perfume | Long-Lasting Freshener | Alcohol-Free | 10ml | Roll Mills ,_hzWI1rq,1,85,KP1VNBR58771005,,,
DELIVERED,246148282796253760_1,2026-01-23,Maharashtra,Premium OUD Hanging Car Perfume | Long-Lasting Freshener | Alcohol-Free | 10ml | Roll Mills ,_hzWI1rq,1,85,KP1VNBR58771006,,,
DELIVERED,246150399242053696_1,2026-01-23,Karnataka,Premium OUD Hanging Car Perfume | Long-Lasting Freshener | Alcohol-Free | 10ml | Roll Mills ,_hzWI1rq,1,99,KP1VNBR58771003,,,
DELIVERED,246173997159719426_1,2026-01-23,Uttar Pradesh,Premium OUD Hanging Car Perfume | Long-Lasting Freshener | Alcohol-Free | 10ml | Roll Mills ,_hzWI1rq,1,85,KP1VNBR58771002,,,
SHIPPED,246283253256942208_1,2026-01-23,Rajasthan,Premium OUD Hanging Car Perfume | Long-Lasting Freshener | Alcohol-Free | 10ml | Roll Mills ,_hzWI1rq,1,99,KP1VNBR58771009,,,
DELIVERED,246293862411446400_1,2026-01-23,Telangana,Premium OUD Hanging Car Perfume | Long-Lasting Freshener | Alcohol-Free | 10ml | Roll Mills ,_hzWI1rq,1,85,KP1VNBR58771010,,,
SHIPPED,246319869778326144_1,2026-01-23,Jammu & Kashmir,Premium OUD Hanging Car Perfume | Long-Lasting Freshener | Alcohol-Free | 10ml | Roll Mills ,_hzWI1rq,1,99,KP1VNBR58771011,,,
DELIVERED,246338226613428800_1,2026-01-23,Haryana,Premium OUD Hanging Car Perfume | Long-Lasting Freshener | Alcohol-Free | 10ml | Roll Mills ,_hzWI1rq,2,99,KP1VNBR58771016,,,
DELIVERED,246375788342192192_1,2026-01-24,West Bengal,Premium OUD Hanging Car Perfume | Long-Lasting Freshener | Alcohol-Free | 10ml | Roll Mills ,_hzWI1rq,2,99,KP1VNBR58771015,,,
DELIVERED,246478155360281152_1,2026-01-24,Uttar Pradesh,Premium OUD Hanging Car Perfume | Long-Lasting Freshener | Alcohol-Free | 10ml | Roll Mills ,_hzWI1rq,1,85,KP1VNBR58771013,,,
DELIVERED,246514227934963776_1,2026-01-24,Andhra Pradesh,Orange Hanging Car Perfume | Fresh Citrus Aroma | Long-Lasting | Alcohol-Free | 10ml | Roll Mills,PrEQ0yGc,2,99,KP1VNBR58771014,,,
SHIPPED,246575010941282432_1,2026-01-24,Assam,Premium OUD Hanging Car Perfume | Long-Lasting Freshener | Alcohol-Free | 10ml | Roll Mills ,_hzWI1rq,1,99,KP1VNBR58771017,,,
DELIVERED,246610875539124864_1,2026-01-24,Jammu & Kashmir,Premium OUD Hanging Car Perfume | Long-Lasting Freshener | Alcohol-Free | 10ml | Roll Mills ,_hzWI1rq,1,99,KP1VNBR58771012,,,
DELIVERED,246656469540401792_1,2026-01-24,Maharashtra,Herbal Twist Car Hanging Perfume | Long-Lasting Fresh Fragrance | Alcohol-Free ? 10ml | Roll Mills,O6AoNP7n,1,99,KP1VNBR58771030,,,
DELIVERED,247011501362423874_1,2026-01-25,Uttar Pradesh,Premium OUD Hanging Car Perfume | Long-Lasting Freshener | Alcohol-Free | 10ml | Roll Mills ,_hzWI1rq,2,99,KP1VNBR58771031,,,
DELIVERED,247088985204191872_1,2026-01-26,West Bengal,Premium OUD Hanging Car Perfume | Long-Lasting Freshener | Alcohol-Free | 10ml | Roll Mills ,_hzWI1rq,1,85,KP1VNBR58771018,,,
SHIPPED,247169256368763520_1,2026-01-26,Kerala,Premium OUD Hanging Car Perfume | Long-Lasting Freshener | Alcohol-Free | 10ml | Roll Mills ,_hzWI1rq,1,99,KP1VNBR58771019,,,
CANCELLED,247206026953400768_1,2026-01-26,Jammu & Kashmir,Premium OUD Hanging Car Perfume | Long-Lasting Freshener | Alcohol-Free | 10ml | Roll Mills ,_hzWI1rq,1,85,KP1VNBR58771034,,,
SHIPPED,247263065666789824_1,2026-01-26,Assam,Roll Mills Rose Hanging Perfume | Alcohol-Free Car Air Freshener | Long-Lasting Floral Fragrance | 10 ml,qdJopA_h,1,95,KP1VNBR58771036,,,
SHIPPED,247264252856148480_1,2026-01-26,Maharashtra,Premium OUD Hanging Car Perfume | Long-Lasting Freshener | Alcohol-Free | 10ml | Roll Mills ,_hzWI1rq,1,99,KP1VNBR58771026,,,
DELIVERED,247267048682725888_1,2026-01-26,Delhi,Premium OUD Hanging Car Perfume | Long-Lasting Freshener | Alcohol-Free | 10ml | Roll Mills ,_hzWI1rq,2,85,KP1VNBR58771023,,,
SHIPPED,247279104347468416_1,2026-01-26,Tamil Nadu,Premium OUD Hanging Car Perfume | Long-Lasting Freshener | Alcohol-Free | 10ml | Roll Mills ,_hzWI1rq,1,85,KP1VNBR58771032,,,
DELIVERED,247293586008306307_1,2026-01-26,Maharashtra,Premium OUD Hanging Car Perfume | Long-Lasting Freshener | Alcohol-Free | 10ml | Roll Mills ,_hzWI1rq,1,99,KP1VNBR58771020,,,
READY_TO_SHIP,247322441811272192_1,2026-01-26,Karnataka,Premium OUD Hanging Car Perfume | Long-Lasting Freshener | Alcohol-Free | 10ml | Roll Mills ,_hzWI1rq,1,99,,,,
SHIPPED,247326028264153600_1,2026-01-26,Maharashtra,Premium OUD Hanging Car Perfume | Long-Lasting Freshener | Alcohol-Free | 10ml | Roll Mills ,_hzWI1rq,1,99,KP1VNBR58771024,,,
SHIPPED,247333202671477184_1,2026-01-26,West Bengal,Premium OUD Hanging Car Perfume | Long-Lasting Freshener | Alcohol-Free | 10ml | Roll Mills ,_hzWI1rq,1,99,KP1VNBR58771029,,,
DELIVERED,247337501522698690_1,2026-01-26,Haryana,Premium OUD Hanging Car Perfume | Long-Lasting Freshener | Alcohol-Free | 10ml | Roll Mills ,_hzWI1rq,1,99,KP1VNBR58771035,,,
DELIVERED,247353874904642177_1,2026-01-26,Maharashtra,Premium OUD Hanging Car Perfume | Long-Lasting Freshener | Alcohol-Free | 10ml | Roll Mills ,_hzWI1rq,1,85,KP1VNBR58771025,,,
SHIPPED,247357214554366528_1,2026-01-26,Telangana,Premium OUD Hanging Car Perfume | Long-Lasting Freshener | Alcohol-Free | 10ml | Roll Mills ,_hzWI1rq,1,99,KP1VNBR58771033,,,
SHIPPED,247543868518869056_1,2026-01-27,Maharashtra,Premium OUD Hanging Car Perfume | Long-Lasting Freshener | Alcohol-Free | 10ml | Roll Mills ,_hzWI1rq,1,99,KP1VNBR58771027,,,
DELIVERED,247557927716823489_1,2026-01-27,Haryana,Premium OUD Hanging Car Perfume | Long-Lasting Freshener | Alcohol-Free | 10ml | Roll Mills ,_hzWI1rq,1,85,KP1VNBR58771028,,,
READY_TO_SHIP,247587418426091648_1,2026-01-27,Jammu & Kashmir,Premium OUD Hanging Car Perfume | Long-Lasting Freshener | Alcohol-Free | 10ml | Roll Mills ,_hzWI1rq,1,85,,,,
SHIPPED,247611236062372288_1,2026-01-27,Kerala,Lemon & Lemongrass Scented Glass Jar Candles | Pack of 2 | Fresh Citrus Aroma | Long Lasting Home Fragrance,IhlKmlNa,1,163,KP1VNBR58771022,,,
SHIPPED,247633176936358336_1,2026-01-27,Andhra Pradesh,Lemongrass & Lavender Scented Glass Jar Candles | Pack of 2 | Refreshing & Relaxing Aroma | Long Lasting Home Fragrance,EIgNxT4v,1,163,KP1VNBR58771021,,,
SHIPPED,247698030942527936_1,2026-01-27,Nagaland,Lemongrass & Lavender Scented Glass Jar Candles | Pack of 2 | Refreshing & Relaxing Aroma | Long Lasting Home Fragrance,EIgNxT4v,1,148,KP1VNBR58771037,,,
SHIPPED,247784341787420736_1,2026-01-27,Gujarat,Roll Mills Rose Hanging Perfume | Alcohol-Free Car Air Freshener | Long-Lasting Floral Fragrance | 10 ml,qdJopA_h,1,95,KP1VNBR58771039,,,
SHIPPED,247971000193688128_1,2026-01-28,Delhi,Premium OUD Hanging Car Perfume | Long-Lasting Freshener | Alcohol-Free | 10ml | Roll Mills ,_hzWI1rq,1,85,KP1VNBR58771038,,,
SHIPPED,248006188302903425_1,2026-01-28,Uttar Pradesh,Premium OUD Hanging Car Perfume | Long-Lasting Freshener | Alcohol-Free | 10ml | Roll Mills ,_hzWI1rq,1,99,KP1VNBR58771041,,,
DELIVERED,248023896276904001_1,2026-01-28,Uttar Pradesh,Lemongrass & Lavender Scented Glass Jar Candles | Pack of 2 | Refreshing & Relaxing Aroma | Long Lasting Home Fragrance,EIgNxT4v,1,163,KP1VNBR58771042,,,
SHIPPED,248167894584959488_1,2026-01-29,Uttar Pradesh,Premium OUD Hanging Car Perfume | Long-Lasting Freshener | Alcohol-Free | 10ml | Roll Mills ,_hzWI1rq,1,85,KP1VNBR58771043,,,
READY_TO_SHIP,248272898073162368_1,2026-01-29,Odisha,"Sank Magic Practice Copybook Set for Kids (4 Books + 1 Pen + 10 Refills + Grip) | Preschool Handwriting Workbook | Reusable Tracing Book for Ages 3+ | Alphabet, Numbers, Drawing & Math Learning",14664,1,119,,,,
SHIPPED,248313969295794688_1,2026-01-29,Uttar Pradesh,Kids Bubble Gun Toy with 2 Bubble Liquid Bottles | Automatic Bubble Blower Toy for Kids (Pink),tRalONSt,1,346,NP5UFEU00851860,,,
SHIPPED,248413689053749760_1,2026-01-29,Delhi,Electric Heating Pad | Fast Charging & Auto Shut-Off | Skin Safe Pain Relief Heat Pad for Body,xHWNNakE,1,219,NP5UFEU00851867,,,
SHIPPED,248442980281919616_1,2026-01-29,Uttar Pradesh,Electric Heating Pad | Fast Charging & Auto Shut-Off | Skin Safe Pain Relief Heat Pad for Body,xHWNNakE,1,219,NP5UFEU00851868,,,
SHIPPED,248444544199467584_1,2026-01-29,Punjab,Premium OUD Hanging Car Perfume | Long-Lasting Freshener | Alcohol-Free | 10ml | Roll Mills ,_hzWI1rq,1,85,KP1VNBR58771493,,,
SHIPPED,248445212721193472_1,2026-01-29,Maharashtra,Premium OUD Hanging Car Perfume | Long-Lasting Freshener | Alcohol-Free | 10ml | Roll Mills ,_hzWI1rq,1,99,KP1VNBR58771491,,,
SHIPPED,248462081077146240_1,2026-01-29,Gujarat,Silicone Gel Heel Pad | Soft Heel Pain Relief Protector | Crack & Plantar Support for Men & Women,f12OnBna,1,99,KP1VNBR58771046,,,
SHIPPED,248471518873514624_1,2026-01-29,Tamil Nadu,Silicone Gel Heel Pad | Soft Heel Pain Relief Protector | Crack & Plantar Support for Men & Women,f12OnBna,1,99,KP1VNBR58771045,,,
SHIPPED,248474184016241216_1,2026-01-29,Tamil Nadu,Electric Heating Pad | Fast Charging & Auto Shut-Off | Skin Safe Pain Relief Heat Pad for Body,xHWNNakE,1,219,NP5UFEU00851866,,,
SHIPPED,248477716362601025_1,2026-01-29,Delhi,Premium OUD Hanging Car Perfume | Long-Lasting Freshener | Alcohol-Free | 10ml | Roll Mills ,_hzWI1rq,1,85,KP1VNBR58771040,,,
SHIPPED,248522475043070406_1,2026-01-30,Haryana,Premium OUD Hanging Car Perfume | Long-Lasting Freshener | Alcohol-Free | 10ml | Roll Mills ,_hzWI1rq,1,85,KP1VNBR58771044,,,
SHIPPED,248648818856616576_1,2026-01-30,Uttar Pradesh,"Sank Magic Practice Copybook Set for Kids (4 Books + 1 Pen + 10 Refills + Grip) | Preschool Handwriting Workbook | Reusable Tracing Book for Ages 3+ | Alphabet, Numbers, Drawing & Math Learning",14664,1,119,NP5UFEU00851864,,,
SHIPPED,248676881132741568_1,2026-01-30,Uttar Pradesh,"Pack Of 5 Microfiber Cleaning Cloth for Car & Home | Super Absorbent Microfiber Cleaning Towel | Car Washing Cloth | Vehicle Polishing & Drying Cloth | Kitchen, Glass & Household Cleaning Cloth (Multicolor)",vG_4bAqg,1,225,NP5UFEU00851865,,,
SHIPPED,248693896799266048_1,2026-01-30,Uttar Pradesh,Electric Heating Pad | Fast Charging & Auto Shut-Off | Skin Safe Pain Relief Heat Pad for Body,xHWNNakE,1,219,NP5UFEU00851869,,,
READY_TO_SHIP,248734942266598720_1,2026-01-30,Maharashtra,"Pack Of 5 Microfiber Cleaning Cloth for Car & Home | Super Absorbent Microfiber Cleaning Towel | Car Washing Cloth | Vehicle Polishing & Drying Cloth | Kitchen, Glass & Household Cleaning Cloth (Multicolor)",vG_4bAqg,1,225,NP5UFEU00851873,,,
SHIPPED,248764154713154944_1,2026-01-30,Maharashtra,Electric Heating Pad | Fast Charging & Auto Shut-Off | Skin Safe Pain Relief Heat Pad for Body,xHWNNakE,1,219,NP5UFEU00851870,,,
SHIPPED,248843657468650816_1,2026-01-30,Uttar Pradesh,Electric Heating Pad | Fast Charging & Auto Shut-Off | Skin Safe Pain Relief Heat Pad for Body,xHWNNakE,1,219,NP5UFEU00851871,,,
READY_TO_SHIP,249024144279545089_1,2026-01-31,Uttar Pradesh,Premium OUD Hanging Car Perfume | Long-Lasting Freshener | Alcohol-Free | 10ml | Roll Mills ,_hzWI1rq,1,99,KP1VNBR58771492,,,
SHIPPED,249025608938890497_1,2026-01-31,Maharashtra,Premium OUD Hanging Car Perfume | Long-Lasting Freshener | Alcohol-Free | 10ml | Roll Mills ,_hzWI1rq,1,85,KP1VNBR58771490,,,
SHIPPED,249032818393818368_1,2026-01-31,Haryana,Premium OUD Hanging Car Perfume | Long-Lasting Freshener | Alcohol-Free | 10ml | Roll Mills ,_hzWI1rq,1,85,KP1VNBR58771488,,,
READY_TO_SHIP,249049873910129280_1,2026-01-31,Delhi,Premium OUD Hanging Car Perfume | Long-Lasting Freshener | Alcohol-Free | 10ml | Roll Mills ,_hzWI1rq,1,99,KP1VNBR58771489,,,
READY_TO_SHIP,249054573359473920_1,2026-01-31,Uttar Pradesh,Electric Heating Pad | Fast Charging & Auto Shut-Off | Skin Safe Pain Relief Heat Pad for Body,xHWNNakE,1,219,NP5UFEU00851872,,,
READY_TO_SHIP,249101071547835456_1,2026-01-31,West Bengal,Lemon & Lemongrass Scented Glass Jar Candles | Pack of 2 | Fresh Citrus Aroma | Long Lasting Home Fragrance,IhlKmlNa,1,148,KP1VNBR58771482,,,
READY_TO_SHIP,249104121335178176_1,2026-01-31,Punjab,Premium OUD Hanging Car Perfume | Long-Lasting Freshener | Alcohol-Free | 10ml | Roll Mills ,_hzWI1rq,1,85,KP1VNBR58771487,,,
READY_TO_SHIP,249174521654224194_1,2026-01-31,West Bengal,Premium OUD Hanging Car Perfume | Long-Lasting Freshener | Alcohol-Free | 10ml | Roll Mills ,_hzWI1rq,1,99,KP1VNBR58771486,,,
READY_TO_SHIP,249191720804455296_1,2026-01-31,Punjab,Premium OUD Hanging Car Perfume | Long-Lasting Freshener | Alcohol-Free | 10ml | Roll Mills ,_hzWI1rq,1,85,KP1VNBR58771484,,,
READY_TO_SHIP,249196020586980672_1,2026-01-31,Kerala,"Sank Magic Practice Copybook Set for Kids (4 Books + 1 Pen + 10 Refills + Grip) | Preschool Handwriting Workbook | Reusable Tracing Book for Ages 3+ | Alphabet, Numbers, Drawing & Math Learning",14664,1,107,NP5UFEU00851876,,,
READY_TO_SHIP,249200069508015168_1,2026-01-31,Uttar Pradesh,Electric Heating Pad | Fast Charging & Auto Shut-Off | Skin Safe Pain Relief Heat Pad for Body,xHWNNakE,2,219,NP5UFEU00851875,,,
READY_TO_SHIP,249211105338401856_1,2026-01-31,Maharashtra,Electric Heating Pad | Fast Charging & Auto Shut-Off | Skin Safe Pain Relief Heat Pad for Body,xHWNNakE,1,219,NP5UFEU00851874,,,
READY_TO_SHIP,249234855022597120_1,2026-01-31,Karnataka,Premium OUD Hanging Car Perfume | Long-Lasting Freshener | Alcohol-Free | 10ml | Roll Mills ,_hzWI1rq,1,85,KP1VNBR58771485,,,
SHIPPED,249272649728168832_1,2026-02-01,Uttar Pradesh,"Scented Tea Light Candles Set for Home Decor | Multicolor Aroma Candles for Diwali, Festival & Romantic Decoration | Smokeless Wax Tealight Candles for Pooja, Party, Spa & Gifting (Pack of 10)",iwigZ0-t,1,110,NP5UFEU00851877,,,
SHIPPED,249368759864438528_1,2026-02-01,Odisha,Orange Hanging Car Perfume | Fresh Citrus Aroma | Long-Lasting | Alcohol-Free | 10ml | Roll Mills,PrEQ0yGc,1,95,KP1VNBR58771483,,,
SHIPPED,249387248641320260_1,2026-02-01,Assam,Lemon & Lemongrass Scented Glass Jar Candles | Pack of 2 | Fresh Citrus Aroma | Long Lasting Home Fragrance,IhlKmlNa,1,141,KP1VNBR58771470,,,
READY_TO_SHIP,249465726312944576_1,2026-02-01,Karnataka,Silicone Gel Heel Pad | Soft Heel Pain Relief Protector | Crack & Plantar Support for Men & Women,f12OnBna,1,99,,,,
SHIPPED,249469000390861760_1,2026-02-01,Maharashtra,Premium OUD Hanging Car Perfume | Long-Lasting Freshener | Alcohol-Free | 10ml | Roll Mills ,_hzWI1rq,1,95,KP1VNBR58771476,,,
SHIPPED,249477863919883205_1,2026-02-01,Maharashtra,Premium OUD Hanging Car Perfume | Long-Lasting Freshener | Alcohol-Free | 10ml | Roll Mills ,_hzWI1rq,1,95,KP1VNBR58771480,,,
SHIPPED,249508620281884416_1,2026-02-01,Karnataka,"Sank Magic Practice Copybook Set for Kids (4 Books + 1 Pen + 10 Refills + Grip) | Preschool Handwriting Workbook | Reusable Tracing Book for Ages 3+ | Alphabet, Numbers, Drawing & Math Learning",14664,1,114,NP5UFEU00851880,,,
SHIPPED,249513388475723540_1,2026-02-01,Maharashtra,Premium OUD Hanging Car Perfume | Long-Lasting Freshener | Alcohol-Free | 10ml | Roll Mills ,_hzWI1rq,1,95,KP1VNBR58771479,,,
SHIPPED,249526686692184961_1,2026-02-01,Bihar,Premium OUD Hanging Car Perfume | Long-Lasting Freshener | Alcohol-Free | 10ml | Roll Mills ,_hzWI1rq,1,81,KP1VNBR58771473,,,
SHIPPED,249539287434171328_1,2026-02-01,Delhi,Silicone Gel Heel Pad | Soft Heel Pain Relief Protector | Crack & Plantar Support for Men & Women,f12OnBna,2,99,KP1VNBR58771481,,,
SHIPPED,249554587118506944_1,2026-02-01,Bihar,"Sank Magic Practice Copybook Set for Kids (4 Books + 1 Pen + 10 Refills + Grip) | Preschool Handwriting Workbook | Reusable Tracing Book for Ages 3+ | Alphabet, Numbers, Drawing & Math Learning",14664,1,114,NP5UFEU00851879,,,
SHIPPED,249555712882451712_1,2026-02-01,Madhya Pradesh,Premium OUD Hanging Car Perfume | Long-Lasting Freshener | Alcohol-Free | 10ml | Roll Mills ,_hzWI1rq,1,95,KP1VNBR58771472,,,
SHIPPED,249561819776492608_1,2026-02-01,Madhya Pradesh,Premium OUD Hanging Car Perfume | Long-Lasting Freshener | Alcohol-Free | 10ml | Roll Mills ,_hzWI1rq,1,81,KP1VNBR58771474,,,
SHIPPED,249572185235465601_1,2026-02-01,Karnataka,"Sank Magic Practice Copybook Set for Kids (4 Books + 1 Pen + 10 Refills + Grip) | Preschool Handwriting Workbook | Reusable Tracing Book for Ages 3+ | Alphabet, Numbers, Drawing & Math Learning",14664,1,102,NP5UFEU00851878,,,
SHIPPED,249580410022702849_1,2026-02-01,Puducherry,Premium OUD Hanging Car Perfume | Long-Lasting Freshener | Alcohol-Free | 10ml | Roll Mills ,_hzWI1rq,1,81,KP1VNBR58771475,,,
READY_TO_SHIP,249600061217235586_1,2026-02-01,Maharashtra,Premium OUD Hanging Car Perfume | Long-Lasting Freshener | Alcohol-Free | 10ml | Roll Mills ,_hzWI1rq,1,95,,,,
SHIPPED,249616921413494017_1,2026-02-02,Karnataka,Premium OUD Hanging Car Perfume | Long-Lasting Freshener | Alcohol-Free | 10ml | Roll Mills ,_hzWI1rq,1,99,KP1VNBR58771477,,,
SHIPPED,249756971355123456_1,2026-02-02,Kerala,Herbal Twist Car Hanging Perfume | Long-Lasting Fresh Fragrance | Alcohol-Free ? 10ml | Roll Mills,O6AoNP7n,1,99,KP1VNBR58771478,,,
SHIPPED,249798989212607104_1,2026-02-02,Tamil Nadu,Silicone Gel Heel Pad | Soft Heel Pain Relief Protector | Crack & Plantar Support for Men & Women,f12OnBna,1,99,KP1VNBR58771471,,,
SHIPPED,249850754637803264_1,2026-02-02,Madhya Pradesh,Electric Heating Pad | Fast Charging & Auto Shut-Off | Skin Safe Pain Relief Heat Pad for Body,xHWNNakE,1,219,NP5UFEU00851886,,,
SHIPPED,249867646164853376_1,2026-02-02,Punjab,Orange Hanging Car Perfume | Fresh Citrus Aroma | Long-Lasting | Alcohol-Free | 10ml | Roll Mills,PrEQ0yGc,1,99,KP1VNBR58771047,,,
SHIPPED,249879049319801472_1,2026-02-02,Rajasthan,Electric Heating Pad | Fast Charging & Auto Shut-Off | Skin Safe Pain Relief Heat Pad for Body,xHWNNakE,1,219,NP5UFEU00851887,,,
READY_TO_SHIP,249892144347911040_1,2026-02-02,Gujarat,Electric Heating Pad | Fast Charging & Auto Shut-Off | Skin Safe Pain Relief Heat Pad for Body,xHWNNakE,1,219,,,,
HOLD,249894593158915456_1,2026-02-02,Jammu & Kashmir,Premium OUD Hanging Car Perfume | Long-Lasting Freshener | Alcohol-Free | 10ml | Roll Mills ,_hzWI1rq,1,99,,,,
SHIPPED,249898612656759744_1,2026-02-02,Chandigarh,Electric Heating Pad | Fast Charging & Auto Shut-Off | Skin Safe Pain Relief Heat Pad for Body,xHWNNakE,1,219,NP5UFEU00851881,,,
CANCELLED,249923260651967360_1,2026-02-02,Uttar Pradesh,Electric Heating Pad | Fast Charging & Auto Shut-Off | Skin Safe Pain Relief Heat Pad for Body,xHWNNakE,1,219,NP5UFEU00851883,,,
READY_TO_SHIP,249939754450477696_1,2026-02-02,Punjab,Premium OUD Hanging Car Perfume | Long-Lasting Freshener | Alcohol-Free | 10ml | Roll Mills ,_hzWI1rq,1,85,,,,
SHIPPED,249953633620665664_1,2026-02-02,Bihar,"Pack Of 5 Microfiber Cleaning Cloth for Car & Home | Super Absorbent Microfiber Cleaning Towel | Car Washing Cloth | Vehicle Polishing & Drying Cloth | Kitchen, Glass & Household Cleaning Cloth (Multicolor)",vG_4bAqg,1,225,NP5UFEU00851885,,,
SHIPPED,249962584806466945_1,2026-02-02,Punjab,"Kids Projector Torch Light Toy with Picture Slides | Educational Projection Flashlight for Kids | Animal, Cartoon & Vehicle Image Projector Toy | Learning Toy for Boys & Girls (Multicolor)",PzIEU3Ds,1,124,NP5UFEU00851884,,,
SHIPPED,250108250002236736_1,2026-02-03,Haryana,Premium OUD Hanging Car Perfume | Long-Lasting Freshener | Alcohol-Free | 10ml | Roll Mills ,_hzWI1rq,1,99,KP1VNBR58771048,,,
SHIPPED,250108644153566592_1,2026-02-03,Karnataka,"Sank Magic Practice Copybook Set for Kids (4 Books + 1 Pen + 10 Refills + Grip) | Preschool Handwriting Workbook | Reusable Tracing Book for Ages 3+ | Alphabet, Numbers, Drawing & Math Learning",14664,1,119,NP5UFEU00851882,,,
CANCELLED,250126929972486784_1,2026-02-03,Punjab,Premium OUD Hanging Car Perfume | Long-Lasting Freshener | Alcohol-Free | 10ml | Roll Mills ,_hzWI1rq,1,99,,,,
CANCELLED,250199045690566016_1,2026-02-03,Bihar,"Sank Magic Practice Copybook Set for Kids (4 Books + 1 Pen + 10 Refills + Grip) | Preschool Handwriting Workbook | Reusable Tracing Book for Ages 3+ | Alphabet, Numbers, Drawing & Math Learning",14664,1,119,,,,
READY_TO_SHIP,250220448858805120_1,2026-02-03,Maharashtra,Premium OUD Hanging Car Perfume | Long-Lasting Freshener | Alcohol-Free | 10ml | Roll Mills ,_hzWI1rq,1,99,,,,
SHIPPED,250314993626296064_1,2026-02-03,Maharashtra,"Sank Magic Practice Copybook Set for Kids (4 Books + 1 Pen + 10 Refills + Grip) | Preschool Handwriting Workbook | Reusable Tracing Book for Ages 3+ | Alphabet, Numbers, Drawing & Math Learning",14664,1,119,NP5UFEU00851889,,,
SHIPPED,250338519758087552_1,2026-02-04,Delhi,"Kids Projector Torch Light Toy with Picture Slides | Educational Projection Flashlight for Kids | Animal, Cartoon & Vehicle Image Projector Toy | Learning Toy for Boys & Girls (Multicolor)",PzIEU3Ds,1,124,NP5UFEU00851888,,,
SHIPPED,250383004282070336_1,2026-02-04,Andhra Pradesh,12 Inch LCD Writing Tablet for Kids | Reusable Electronic Writing Pad | Digital Drawing Board with Stylus Pen | Paperless Writing & Drawing Tablet for Children | Learning & Educational Toy (Black),HOZDT_8L,1,199,NP5UFEU00851890,,,
READY_TO_SHIP,250574913789175106_1,2026-02-04,Andhra Pradesh,Premium OUD Hanging Car Perfume | Long-Lasting Freshener | Alcohol-Free | 10ml | Roll Mills ,_hzWI1rq,1,99,,,,
READY_TO_SHIP,250575637079954304_1,2026-02-04,Gujarat,"Kids Projector Torch Light Toy with Picture Slides | Educational Projection Flashlight for Kids | Animal, Cartoon & Vehicle Image Projector Toy | Learning Toy for Boys & Girls (Multicolor)",PzIEU3Ds,1,124,,,,
READY_TO_SHIP,250668175887492352_1,2026-02-04,Goa,"Kids Projector Torch Light Toy with Picture Slides | Educational Projection Flashlight for Kids | Animal, Cartoon & Vehicle Image Projector Toy | Learning Toy for Boys & Girls (Multicolor)",PzIEU3Ds,1,124,,,,
READY_TO_SHIP,250820766642678208_1,2026-02-05,Rajasthan,"Pack Of 5 Microfiber Cleaning Cloth for Car & Home | Super Absorbent Microfiber Cleaning Towel | Car Washing Cloth | Vehicle Polishing & Drying Cloth | Kitchen, Glass & Household Cleaning Cloth (Multicolor)",vG_4bAqg,1,225,,,,